{
  "roc_auc": 0.851220128096233,
  "f1": 0.5701357466063348
}